{
	"K": [
		[575.8157496,0,320],
		[0,575.8157496,240],
		[0,0,1]
	],
	"format": "OpenNI",
	"path": "/Users/songshuran/Documents/FYT/Data/New/bear_back",
	"depthTimestamp": [2969863,3003233,3069971,3103340,3170079,3203448,3270187,3303556,3370294,3403664,3470402,3503771,3570510,3603879,3670618,3703987,3770725,3804095,3870833,3904202,3970941,4004310,4071049,4104418,4171156,4204526,4271264,4304633,4371372,4404741,4471480,4504849,4571587,4604957,4671695,4705064,4771803,4805172,4871911,4905280,4972018,5005388,5072126,5105495,5172234,5205603,5272342,5339080,5372449,5439188,5472557,5539296,5572665,5639403,5672773,5739511,5772880,5839619,5872988,5939727,5973096,6039834,6073204,6139942,6173311,6240050,6273419,6340158,6373527,6440265,6473635,6540373,6573742,6640481,6673850,6740589,6773958,6840696,6874066,6940804,6974173,7040912,7074281,7141020,7174389,7241127,7274497,7341235,7407974,7441343,7508081,7541451,7608189,7641558,7708297,7741666,7808405,7841774,7908512,7941882,8008620,8041989,8108728,8142097,8208836,8242205,8308943,8342313,8409051,8442420,8509159,8542528,8609267,8642636,8709374,8742744,8809482,8842851,8909590,8976328,9009698,9076436,9109805,9176544,9209913,9276652,9310021,9376759,9410129,9476867,9510236,9576975,9610344,9677083,9710452,9777190,9810560,9877298,9910667,9977406,10010775,10077514,10110883,10177621,10210991,10277729,10311098,10377837,10444575,10477945,10544683,10578052,10644791,10678160,10744899,10778268,10845006,10878376,10945114,10978483,11045222,11078591,11145330,11178699,11245437,11278807,11345545,11378914,11445653,11479022,11545761,11579130,11645868,11679238,11745976,11779345],
	"depthFrameID": [60,61,62,63,64,65,66,67,68,69,70,71,72,73,74,75,76,77,78,79,80,81,82,83,84,85,86,87,88,89,90,91,92,93,94,95,96,97,98,99,100,101,102,103,104,105,106,107,108,109,110,111,112,113,114,115,116,117,118,119,120,121,122,123,124,125,126,127,128,129,130,131,132,133,134,135,136,137,138,139,140,141,142,143,144,145,146,147,148,149,150,151,152,153,154,155,156,157,158,159,160,161,162,163,164,165,166,167,168,169,170,171,172,173,174,175,176,177,178,179,180,181,182,183,184,185,186,187,188,189,190,191,192,193,194,195,196,197,198,199,200,201,202,203,204,205,206,207,208,209,210,211,212,213,214,215,216,217,218,219,220,221,222,223,224,225,226,227,228,229,230,231,232,233,234,235],
	"imageTimestamp": [2967093,3033770,3067108,3133784,3167122,3233798,3267137,3333813,3367151,3433827,3467165,3533842,3567180,3633856,3667194,3733870,3767208,3833885,3867223,3933899,3967237,4033913,4067252,4133928,4167266,4233942,4300618,4300618,4400633,4400633,4500647,4500647,4600662,4600662,4700676,4700676,4800690,4800690,4900705,4900705,5000719,5000719,5100733,5100733,5200748,5200748,5300762,5334100,5400777,5434115,5500791,5534129,5600805,5634143,5700820,5734158,5800834,5834172,5900848,5934187,6000863,6034201,6100877,6134215,6200892,6234230,6300906,6334244,6400920,6434258,6500935,6534273,6600949,6634287,6700963,6734302,6800978,6834316,6900992,6934330,7001007,7034345,7101021,7134359,7201035,7234373,7301050,7367726,7401064,7467740,7501078,7567755,7601093,7667769,7701107,7767783,7801122,7867798,7901136,7967812,8001150,8067827,8101165,8167841,8201179,8267855,8301193,8367870,8401208,8467884,8501222,8567898,8601237,8667913,8701251,8767927,8834603,8834603,8934618,8967956,9034632,9067970,9134647,9167985,9234661,9267999,9334675,9368013,9434690,9468028,9534704,9568042,9634718,9668057,9734733,9768071,9834747,9868085,9934762,9968100,10034776,10068114,10134790,10201467,10201467,10301481,10301481,10401495,10434833,10501510,10534848,10601524,10634862,10701538,10734877,10801553,10834891,10901567,10934905,11001582,11068258,11068258,11168272,11168272,11268287,11268287,11368301,11368301,11468315,11468315,11568330,11568330,11668344,11668344,11768358,11768358],
	"imageFrameID": [60,61,62,63,64,65,66,67,68,69,70,71,72,73,74,75,76,77,78,79,80,81,82,83,84,85,86,86,88,88,90,90,92,92,94,94,96,96,98,98,100,100,102,102,104,104,106,107,108,109,110,111,112,113,114,115,116,117,118,119,120,121,122,123,124,125,126,127,128,129,130,131,132,133,134,135,136,137,138,139,140,141,142,143,144,145,146,147,148,149,150,151,152,153,154,155,156,157,158,159,160,161,162,163,164,165,166,167,168,169,170,171,172,173,174,175,176,176,178,179,180,181,182,183,184,185,186,187,188,189,190,191,192,193,194,195,196,197,198,199,200,201,202,203,203,205,205,207,208,209,210,211,212,213,214,215,216,217,218,219,220,220,222,222,224,224,226,226,228,228,230,230,232,232,234,234],
	"length": 176,
	"fov": [1.014468671,0.7898094345]
}
